{
  "addr": {
    "ip": "127.0.0.1",
    "port": 6000
  },
  "role": 1,
  "block": [
      { "height": 0, 
        "version": 1, 
        "nonce": 495413, 
        "sign": [], 
        "diff": 4, 
        "data": ["1"], 
        "prevBlockHash": "", 
        "timeStamp": 1557365699.376944, 
        "merkleTree": ["6b86b273ff34fce19d6b804eff5a3f5747ada4eaa22f1d49c01e52ddb7875b4b"]
      },
      { "height": 1, 
        "version": 1, 
        "nonce": 3213737, 
        "sign": [], 
        "diff": 4, 
        "data": ["b"], 
        "prevBlockHash": "00000c832ee134ba8c6475df484973d20d8713b0a6ad37e5d962585b9083cf08", 
        "timeStamp": 1557365900.137044, 
        "merkleTree": ["3e23e8160039594a33894f6564e1b1348bbd7a0088d42c4acb73eeaed59c009d"]
      }
  ],
  "peers": [
    {"ip":  "127.0.0.1", "port": 6002},
    {"ip":  "127.0.0.1", "port": 6004}
  ]
}